{
    "lines": [
        {
            "outer": 1000,
            "segments": [
                [
                    [
                        1022.5563909774432,
                        -1.9689922480620154
                    ],
                    [
                        996.2406015037591,
                        0.01550387596899272
                    ]
                ],
                [
                    [
                        996.2406015037591,
                        0.01550387596899272
                    ],
                    [
                        1000,
                        2
                    ]
                ]
            ]
        },
        {
            "outer": 1100,
            "segments": [
                [
                    [
                        1124.0601503759394,
                        -2
                    ],
                    [
                        1097.7443609022553,
                        0.01550387596899272
                    ]
                ],
                [
                    [
                        1097.7443609022553,
                        0.01550387596899272
                    ],
                    [
                        1075.1879699248116,
                        2
                    ]
                ]
            ]
        },
        {
            "outer": 1200,
            "segments": [
                [
                    [
                        1229.3233082706763,
                        -2
                    ],
                    [
                        1199.2481203007515,
                        -0.015503875968992276
                    ]
                ],
                [
                    [
                        1199.2481203007515,
                        -0.015503875968992276
                    ],
                    [
                        1169.1729323308268,
                        2.0310077519379854
                    ]
                ]
            ]
        },
        {
            "outer": 1300,
            "segments": [
                [
                    [
                        1334.5864661654132,
                        -2.0310077519379846
                    ],
                    [
                        1300.7518796992476,
                        -0.015503875968992276
                    ]
                ],
                [
                    [
                        1300.7518796992476,
                        -0.015503875968992276
                    ],
                    [
                        1266.9172932330825,
                        2.0310077519379854
                    ]
                ]
            ]
        },
        {
            "outer": 1400,
            "segments": [
                [
                    [
                        1439.84962406015,
                        -2
                    ],
                    [
                        1402.255639097744,
                        0.01550387596899272
                    ]
                ],
                [
                    [
                        1402.255639097744,
                        0.01550387596899272
                    ],
                    [
                        1364.661654135338,
                        2.0310077519379854
                    ]
                ]
            ]
        },
        {
            "outer": 1500,
            "segments": [
                [
                    [
                        1545.112781954887,
                        -2
                    ],
                    [
                        1496.240601503759,
                        0.07751937984496138
                    ]
                ],
                [
                    [
                        1496.240601503759,
                        0.07751937984496138
                    ],
                    [
                        1458.646616541353,
                        2.0310077519379854
                    ]
                ]
            ]
        },
        {
            "outer": 1600,
            "segments": [
                [
                    [
                        1646.6165413533831,
                        -2
                    ],
                    [
                        1601.503759398496,
                        0.01550387596899272
                    ]
                ],
                [
                    [
                        1601.503759398496,
                        0.01550387596899272
                    ],
                    [
                        1556.3909774436086,
                        2.0310077519379854
                    ]
                ]
            ]
        },
        {
            "outer": 1700,
            "segments": [
                [
                    [
                        1751.87969924812,
                        -2
                    ],
                    [
                        1703.0075187969924,
                        0.01550387596899272
                    ]
                ],
                [
                    [
                        1703.0075187969924,
                        0.01550387596899272
                    ],
                    [
                        1654.1353383458645,
                        2.0310077519379854
                    ]
                ]
            ]
        },
        {
            "outer": 1800,
            "segments": [
                [
                    [
                        1853.3834586466164,
                        -2
                    ],
                    [
                        1800.7518796992479,
                        0.01550387596899272
                    ]
                ],
                [
                    [
                        1800.7518796992479,
                        0.01550387596899272
                    ],
                    [
                        1751.87969924812,
                        2.0310077519379854
                    ]
                ]
            ]
        },
        {
            "outer": 1900,
            "segments": [
                [
                    [
                        1954.8872180451126,
                        -2
                    ],
                    [
                        1898.4962406015036,
                        0.01550387596899272
                    ]
                ],
                [
                    [
                        1898.4962406015036,
                        0.01550387596899272
                    ],
                    [
                        1849.6240601503757,
                        2.0310077519379854
                    ]
                ]
            ]
        },
        {
            "outer": 2000,
            "segments": [
                [
                    [
                        2060.1503759398493,
                        -2
                    ],
                    [
                        1999.9999999999998,
                        0.01550387596899272
                    ]
                ],
                [
                    [
                        1999.9999999999998,
                        0.01550387596899272
                    ],
                    [
                        1943.6090225563908,
                        2
                    ]
                ]
            ]
        },
        {
            "outer": 2100,