{
  "lines": [
    {
      "outer": 650,
      "segments": [
        [
          [
            548.8846287905193,
            26847.6821192053
          ],
          [
            649.7410745406564,
            34768.21192052981
          ]
        ],
        [
          [
            649.7410745406564,
            34768.21192052981
          ],
          [
            716.9870039336754,
            39947.01986754967
          ]
        ],
        [
          [
            716.9870039336754,
            39947.01986754967
          ],
          [
            780.4859831698452,
            44973.50993377484
          ]
        ],
        [
          [
            780.4859831698452,
            44973.50993377484
          ],
          [
            842.1177114972863,
            49847.6821192053
          ]
        ],
        [
          [
            842.1177114972863,
            49847.6821192053
          ],
          [
            588.1093462132152,
            29894.03973509934
          ]
        ]
      ]
    },
    {
      "outer": 700,
      "segments": [
        [
          [
            586.4786137529254,
            26847.6821192053
          ],
          [
            629.4627296718618,
            29894.03973509934
          ]
        ],
        [
          [
            629.4627296718618,
            29894.03973509934
          ],
          [
            698.6008066523926,
            34920.529801324505
          ]
        ],
        [
          [
            698.6008066523926,
            34920.529801324505
          ],
          [
            775.2576806254046,
            39947.01986754967
          ]
        ],
        [
          [
            775.2576806254046,
            39947.01986754967
          ],
          [
            848.1427077627845,
            45125.82781456954
          ]
        ],
        [
          [
            848.1427077627845,
            45125.82781456954
          ],
          [
            911.6665836777374,
            49847.6821192053
          ]
        ]
      ]
    },
    {
      "outer": 750,
      "segments": [
        [
          [
            625.9522979634517,
            26847.6821192053
          ],
          [
            670.8161131305085,
            29894.03973509934
          ]
        ],
        [
          [
            670.8161131305085,
            29894.03973509934
          ],
          [
            747.4854354429119,
            34768.21192052981
          ]
        ],
        [
          [
            747.4854354429119,
            34768.21192052981
          ],
          [
            829.781407160285,
            39794.70198675497
          ]
        ],
        [
          [
            829.781407160285,
            39794.70198675497
          ],
          [
            906.4258327939053,
            44973.50993377484
          ]
        ],
        [
          [
            906.4258327939053,
            44973.50993377484
          ],
          [
            983.0951551063089,
            49847.6821192053
          ]
        ]
      ]
    },
    {
      "outer": 800,
      "segments": [
        [
          [
            667.3056814220984,
            26847.6821192053
          ],
          [
            719.6758452422447,
            30046.35761589404
          ]
        ],
        [
          [
            719.6758452422447,
            30046.35761589404
          ],
          [
            800.1170143902804,
            34768.21192052981
          ]
        ],
        [
          [
            800.1170143902804,
            34768.21192052981
          ],
          [
            884.2802370163821,
            39947.01986754967
          ]
        ],
        [
          [
            884.2802370163821,
            39947.01986754967
          ],
          [
            968.4559079818753,
            44973.50993377484
          ]
        ],
        [
          [
            968.4559079818753,
            44973.50993377484
          ],
          [
            1048.8846287905194,
            49847.6821192053
          ]
        ]
      ]
    },
    {
      "outer": 850,
      "segments": [
        [
          [
            710.5263157894738,
            27000
          ],
          [
            764.8010755365235,
            29894.03973509934
          ]
        ],
        [
          [
            764.8010755365235,
            29894.03973509934
          ],
          [
            848.9767465020167,
            34920.529801324505
          ]
        ],
        [
          [
            848.9767465020167,
            34920.529801324505
          ],
          [
            938.8039635512624,
            39794.70198675497
          ]
        ],
        [
          [
            938.8039635512624,
            39794.70198675497
          ],
          [
            1028.6062839217248,
            44973.50993377484
          ]
        ],
        [
          [
            1028.6062839217248,
            44973.50993377484
          ],
          [
            1116.5413533834587,
            50000
          ]
        ]
      ]
    },
    {
      "outer": 900,
      "segments": [
        [
          [
            761.2781954887218,
            27000
          ],
          [
            817.432654483892,
            29894.03973509934
          ]
        ],
        [
          [
            817.432654483892,
            29894.03973509934
          ],
          [
            901.608325449385,
            34920.529801324505
          ]
        ],
        [
          [
            901.608325449385,
            34920.529801324505
          ],
          [
            998.9543394911119,
            39794.70198675497
          ]
        ],
        [
          [
            998.9543394911119,
            39794.70198675497
          ],
          [
            1094.3957576059354,
            44973.50993377484
          ]
        ],
        [
          [
            1094.3957576059354,
            44973.50993377484
          ],
          [
            1184.2105263157896,
            50000
          ]
        ]
      ]
    },
    {
      "outer": 970,
      "segments": [
        [
          [
            819.5613205198426,
            26847.6821192053
          ],
          [
            877.5830304237415,
            29894.03973509934
          ]
        ],
        [
          [
            877.5830304237415,
            29894.03973509934
          ],
          [
            969.2899467211074,
            34768.21192052981
          ]
        ],
        [
          [
            969.2899467211074,
            34768.21192052981
          ],
          [
            1074.142309415924,
            39794.70198675497
          ]
        ],
        [
          [
            1074.142309415924,
            39794.70198675497
          ],
          [
            1171.4634267788679,
            44973.50993377484
          ]
        ],
        [
          [
            1171.4634267788679,
            44973.50993377484
          ],
          [
            1268.8094408205945,
            49847.6821192053
          ]
        ]
      ]
    },
    {
      "outer": 1050,