{
    "lines": [
        {
            "outer": 1300,
            "segments": [
                [
                    [
                        1094.4881889763778,
                        27000
                    ],
                    [
                        1173.2283464566929,
                        30034.72222222222
                    ]
                ],
                [
                    [
                        1173.2283464566929,
                        30034.72222222222
                    ],
                    [
                        1299.2125984251968,
                        35145.83333333333
                    ]
                ],
                [
                    [
                        1299.2125984251968,
                        35145.83333333333
                    ],
                    [
                        1437.007874015748,
                        40097.22222222222
                    ]
                ],
                [
                    [
                        1437.007874015748,
                        40097.22222222222
                    ],
                    [
                        1562.992125984252,
                        45208.33333333333
                    ]
                ],
                [
                    [
                        1562.992125984252,
                        45208.33333333333
                    ],
                    [
                        1692.9133858267717,
                        50159.72222222222
                    ]
                ]
            ]
        },
        {
            "outer": 1400,
            "segments": [
                [
                    [
                        1173.2283464566929,
                        27000
                    ],
                    [
                        1259.8425196850394,
                        30194.44444444444
                    ]
                ],
                [
                    [
                        1259.8425196850394,
                        30194.44444444444
                    ],
                    [
                        1397.6377952755904,
                        35145.83333333333
                    ]
                ],
                [
                    [
                        1397.6377952755904,
                        35145.83333333333
                    ],
                    [
                        1555.1181102362204,
                        40097.22222222222
                    ]
                ],
                [
                    [
                        1555.1181102362204,
                        40097.22222222222
                    ],
                    [
                        1696.8503937007874,
                        45208.33333333333
                    ]
                ],
                [
                    [
                        1696.8503937007874,
                        45208.33333333333
                    ],
                    [
                        1826.7716535433071,
                        50159.72222222222
                    ]
                ]
            ]
        },
        {
            "outer": 1500,
            "segments": [
                [
                    [
                        1251.9685039370079,
                        27000
                    ],
                    [
                        1346.4566929133857,
                        30194.44444444444
                    ]
                ],
                [
                    [
                        1346.4566929133857,
                        30194.44444444444
                    ],
                    [
                        1500,
                        34986.11111111111
                    ]
                ],
                [
                    [
                        1500,
                        34986.11111111111
                    ],
                    [
                        1665.3543307086613,
                        40097.22222222222
                    ]
                ],
                [
                    [
                        1665.3543307086613,
                        40097.22222222222
                    ],
                    [
                        1814.9606299212599,
                        45048.61111111111
                    ]
                ],
                [
                    [
                        1814.9606299212599,
                        45048.61111111111
                    ],
                    [
                        1972.4409448818897,
                        50159.72222222222
                    ]
                ]
            ]
        },
        {
            "outer": 1600,
            "segments": [
                [
                    [
                        1334.6456692913384,
                        27000
                    ],
                    [
                        1433.0708661417323,
                        30034.72222222222
                    ]
                ],
                [
                    [
                        1433.0708661417323,
                        30034.72222222222
                    ],
                    [
                        1598.4251968503936,
                        34986.11111111111
                    ]
                ],
                [
                    [
                        1598.4251968503936,
                        34986.11111111111
                    ],
                    [
                        1767.716535433071,
                        40097.22222222222
                    ]
                ],
                [
                    [
                        1767.716535433071,
                        40097.22222222222
                    ],
                    [
                        1940.944881889764,
                        45048.61111111111
                    ]
                ],
                [
                    [
                        1940.944881889764,
                        45048.61111111111
                    ],
                    [
                        2106.299212598425,
                        50159.72222222222
                    ]
                ]
            ]
        },
        {
            "outer": 1700,
            "segments": [
                [
                    [
                        1421.259842519685,
                        27000
                    ],
                    [
                        1531.4960629921259,
                        30194.44444444444
                    ]
                ],
                [
                    [
                        1531.4960629921259,
                        30194.44444444444
                    ],
                    [
                        1700.7874015748032,
                        34986.11111111111
                    ]
                ],
                [
                    [
                        1700.7874015748032,
                        34986.11111111111
                    ],
                    [
                        1874.0157480314963,
                        39937.5
                    ]
                ],
                [
                    [
                        1874.0157480314963,
                        39937.5
                    ],
                    [
                        2059.0551181102364,
                        45048.61111111111
                    ]
                ],
                [
                    [
                        2059.0551181102364,
                        45048.61111111111
                    ],
                    [
                        2236.220472440945,
                        50000
                    ]
                ]
            ]
        },
        {
            "outer": 1800,