{
  "lines": [
    {
      "outer": 13,
      "segments": [
        [
          [
            12,
            30.416666666666657
          ],
          [
            12.4,
            25.416666666666657
          ]
        ],
        [
          [
            12.4,
            25.416666666666657
          ],
          [
            12.72,
            20.416666666666686
          ]
        ],
        [
          [
            12.72,
            20.416666666666686
          ],
          [
            12.826666666666666,
            15.416666666666657
          ]
        ],
        [
          [
            12.826666666666666,
            15.416666666666657
          ],
          [
            12.933333333333334,
            10.416666666666686
          ]
        ],
        [
          [
            12.933333333333334,
            10.416666666666686
          ],
          [
            12.986666666666666,
            5.833333333333343
          ]
        ],
        [
          [
            12.986666666666666,
            5.833333333333343
          ],
          [
            13.013333333333334,
            0
          ]
        ]
      ]
    },
    {
      "outer": 12,
      "segments": [
        [
          [
            10.986666666666666,
            30.416666666666657
          ],
          [
            11.413333333333334,
            25.416666666666657
          ]
        ],
        [
          [
            11.413333333333334,
            25.416666666666657
          ],
          [
            11.733333333333334,
            20.416666666666686
          ]
        ],
        [
          [
            11.733333333333334,
            20.416666666666686
          ],
          [
            11.866666666666667,
            14.583333333333343
          ]
        ],
        [
          [
            11.866666666666667,
            14.583333333333343
          ],
          [
            11.92,
            10
          ]
        ],
        [
          [
            11.92,
            10
          ],
          [
            11.973333333333333,
            5.416666666666686
          ]
        ],
        [
          [
            11.973333333333333,
            5.416666666666686
          ],
          [
            12,
            0
          ]
        ]
      ]
    },
    {
      "outer": 11,
      "segments": [
        [
          [
            9.973333333333333,
            30
          ],
          [
            10.373333333333333,
            25.833333333333343
          ]
        ],
        [
          [
            10.373333333333333,
            25.833333333333343
          ],
          [
            10.72,
            20
          ]
        ],
        [
          [
            10.72,
            20
          ],
          [
            10.853333333333333,
            14.583333333333343
          ]
        ],
        [
          [
            10.853333333333333,
            14.583333333333343
          ],
          [
            10.933333333333334,
            10
          ]
        ],
        [
          [
            10.933333333333334,
            10
          ],
          [
            10.986666666666666,
            5
          ]
        ],
        [
          [
            10.986666666666666,
            5
          ],
          [
            10.986666666666666,
            -0.4166666666666572
          ]
        ]
      ]
    },
    {
      "outer": 10,
      "segments": [
        [
          [
            8.96,
            30.416666666666657
          ],
          [
            9.36,
            25.833333333333343
          ]
        ],
        [
          [
            9.36,
            25.833333333333343
          ],
          [
            9.706666666666667,
            20.416666666666686
          ]
        ],
        [
          [
            9.706666666666667,
            20.416666666666686
          ],
          [
            9.84,
            15
          ]
        ],
        [
          [
            9.84,
            15
          ],
          [
            9.92,
            10.416666666666686
          ]
        ],
        [
          [
            9.92,
            10.416666666666686
          ],
          [
            10,
            5
          ]
        ],
        [
          [
            10,
            5
          ],
          [
            10.026666666666667,
            -0.4166666666666572
          ]
        ]
      ]
    },
    {
      "outer": 9,
      "segments": [
        [
          [
            7.92,
            30.416666666666657
          ],
          [
            8.346666666666668,
            25.833333333333343
          ]
        ],
        [
          [
            8.346666666666668,
            25.833333333333343
          ],
          [
            8.693333333333333,
            20.416666666666686
          ]
        ],
        [
          [
            8.693333333333333,
            20.416666666666686
          ],
          [
            8.853333333333332,
            15
          ]
        ],
        [
          [
            8.853333333333332,
            15
          ],
          [
            8.933333333333334,
            10.416666666666686
          ]
        ],
        [
          [
            8.933333333333334,
            10.416666666666686
          ],
          [
            8.986666666666666,
            5.833333333333343
          ]
        ],
        [
          [
            8.986666666666666,
            5.833333333333343
          ],
          [
            9.013333333333334,
            -0.4166666666666572
          ]
        ]
      ]
    },
    {
      "outer": 8,
      "segments": [
        [
          [
            6.933333333333334,
            30.416666666666657
          ],
          [
            7.413333333333333,
            25.416666666666657
          ]
        ],
        [
          [
            7.413333333333333,
            25.416666666666657
          ],
          [
            7.7333333333333325,
            20
          ]
        ],
        [
          [
            7.7333333333333325,
            20
          ],
          [
            7.866666666666666,
            14.166666666666657
          ]
        ],
        [
          [
            7.866666666666666,
            14.166666666666657
          ],
          [
            7.946666666666666,
            10
          ]
        ],
        [
          [
            7.946666666666666,
            10
          ],
          [
            7.973333333333334,
            5.833333333333343
          ]
        ],
        [
          [
            7.973333333333334,
            5.833333333333343
          ],
          [
            8,
            0
          ]
        ]
      ]
    },
    {
      "outer": 7,
      "segments": [
        [
          [
            5.893333333333333,
            30.833333333333314
          ],
          [
            6.346666666666666,
            25.833333333333343
          ]
        ],
        [
          [
            6.346666666666666,
            25.833333333333343
          ],
          [
            6.693333333333333,
            20.416666666666686
          ]
        ],
        [
          [
            6.693333333333333,
            20.416666666666686
          ],
          [
            6.8533333333333335,
            14.583333333333343
          ]
        ],
        [
          [
            6.8533333333333335,
            14.583333333333343
          ],
          [
            6.933333333333334,
            10.416666666666686
          ]
        ],
        [
          [
            6.933333333333334,
            10.416666666666686
          ],
          [
            6.986666666666666,
            5.833333333333343
          ]
        ],
        [
          [
            6.986666666666666,
            5.833333333333343
          ],
          [
            7.013333333333333,
            0
          ]
        ]
      ]
    },
    {
      "outer": 6,