{
  "lines": [
    {
      "outer": 12,
      "segments": [
        [
          [
            11.173333333333334,
            10
          ],
          [
            11.626666666666667,
            4.583333333333314
          ]
        ],
        [
          [
            11.626666666666667,
            4.583333333333314
          ],
          [
            12,
            0
          ]
        ],
        [
          [
            12,
            0
          ],
          [
            12.293333333333333,
            -10
          ]
        ],
        [
          [
            12.293333333333333,
            -10
          ],
          [
            12.586666666666666,
            -20
          ]
        ],
        [
          [
            12.586666666666666,
            -20
          ],
          [
            12.88,
            -30
          ]
        ],
        [
          [
            12.88,
            -30
          ],
          [
            13.2,
            -40
          ]
        ],
        [
          [
            13.2,
            -40
          ],
          [
            13.52,
            -50.41666666666667
          ]
        ]
      ]
    },
    {
      "outer": 11,
      "segments": [
        [
          [
            10.266666666666666,
            10.416666666666686
          ],
          [
            10.666666666666666,
            4.583333333333314
          ]
        ],
        [
          [
            10.666666666666666,
            4.583333333333314
          ],
          [
            11.013333333333334,
            0.4166666666666572
          ]
        ],
        [
          [
            11.013333333333334,
            0.4166666666666572
          ],
          [
            11.253333333333334,
            -10
          ]
        ],
        [
          [
            11.253333333333334,
            -10
          ],
          [
            11.52,
            -20
          ]
        ],
        [
          [
            11.52,
            -20
          ],
          [
            11.786666666666667,
            -30
          ]
        ],
        [
          [
            11.786666666666667,
            -30
          ],
          [
            12.08,
            -40
          ]
        ],
        [
          [
            12.08,
            -40
          ],
          [
            12.373333333333333,
            -50.41666666666667
          ]
        ]
      ]
    },
    {
      "outer": 10,
      "segments": [
        [
          [
            9.333333333333332,
            10.416666666666686
          ],
          [
            9.653333333333332,
            5.416666666666657
          ]
        ],
        [
          [
            9.653333333333332,
            5.416666666666657
          ],
          [
            10.026666666666667,
            0.4166666666666572
          ]
        ],
        [
          [
            10.026666666666667,
            0.4166666666666572
          ],
          [
            10.24,
            -10
          ]
        ],
        [
          [
            10.24,
            -10
          ],
          [
            10.453333333333333,
            -20
          ]
        ],
        [
          [
            10.453333333333333,
            -20
          ],
          [
            10.693333333333333,
            -30
          ]
        ],
        [
          [
            10.693333333333333,
            -30
          ],
          [
            10.96,
            -40
          ]
        ],
        [
          [
            10.96,
            -40
          ],
          [
            11.226666666666667,
            -50.41666666666667
          ]
        ]
      ]
    },
    {
      "outer": 9,
      "segments": [
        [
          [
            8.426666666666666,
            10
          ],
          [
            8.719999999999999,
            5
          ]
        ],
        [
          [
            8.719999999999999,
            5
          ],
          [
            9.013333333333334,
            0.4166666666666572
          ]
        ],
        [
          [
            9.013333333333334,
            0.4166666666666572
          ],
          [
            9.2,
            -10
          ]
        ],
        [
          [
            9.2,
            -10
          ],
          [
            9.413333333333334,
            -20
          ]
        ],
        [
          [
            9.413333333333334,
            -20
          ],
          [
            9.626666666666667,
            -30
          ]
        ],
        [
          [
            9.626666666666667,
            -30
          ],
          [
            9.84,
            -40
          ]
        ],
        [
          [
            9.84,
            -40
          ],
          [
            10.08,
            -50.000000000000014
          ]
        ]
      ]
    },
    {
      "outer": 8,
      "segments": [
        [
          [
            7.493333333333333,
            10
          ],
          [
            7.76,
            5
          ]
        ],
        [
          [
            7.76,
            5
          ],
          [
            8.026666666666667,
            0
          ]
        ],
        [
          [
            8.026666666666667,
            0
          ],
          [
            8.186666666666667,
            -10
          ]
        ],
        [
          [
            8.186666666666667,
            -10
          ],
          [
            8.346666666666668,
            -20.416666666666657
          ]
        ],
        [
          [
            8.346666666666668,
            -20.416666666666657
          ],
          [
            8.533333333333333,
            -30.416666666666686
          ]
        ],
        [
          [
            8.533333333333333,
            -30.416666666666686
          ],
          [
            8.719999999999999,
            -40
          ]
        ],
        [
          [
            8.719999999999999,
            -40
          ],
          [
            8.906666666666666,
            -50.000000000000014
          ]
        ]
      ]
    },
    {
      "outer": 7,
      "segments": [
        [
          [
            6.5600000000000005,
            10
          ],
          [
            6.8,
            4.583333333333314
          ]
        ],
        [
          [
            6.8,
            4.583333333333314
          ],
          [
            7.013333333333333,
            0
          ]
        ],
        [
          [
            7.013333333333333,
            0
          ],
          [
            7.1466666666666665,
            -10
          ]
        ],
        [
          [
            7.1466666666666665,
            -10
          ],
          [
            7.306666666666667,
            -20
          ]
        ],
        [
          [
            7.306666666666667,
            -20
          ],
          [
            7.466666666666666,
            -30
          ]
        ],
        [
          [
            7.466666666666666,
            -30
          ],
          [
            7.6,
            -40
          ]
        ],
        [
          [
            7.6,
            -40
          ],
          [
            7.786666666666667,
            -50.000000000000014
          ]
        ]
      ]
    },
    {
      "outer": 6,