{
  "lines": [
    {
      "outer": 8,
      "segments": [
        [
          [
            3.333333333333334,
            50000
          ],
          [
            3.946666666666667,
            48015.03759398496
          ]
        ],
        [
          [
            3.946666666666667,
            48015.03759398496
          ],
          [
            4.613333333333333,
            45947.36842105263
          ]
        ],
        [
          [
            4.613333333333333,
            45947.36842105263
          ],
          [
            5.386666666666667,
            43962.40601503759
          ]
        ],
        [
          [
            5.386666666666667,
            43962.40601503759
          ],
          [
            6.133333333333333,
            42060.15037593985
          ]
        ],
        [
          [
            6.133333333333333,
            42060.15037593985
          ],
          [
            7.04,
            39992.48120300752
          ]
        ],
        [
          [
            7.04,
            39992.48120300752
          ],
          [
            8,
            38007.51879699248
          ]
        ],
        [
          [
            8,
            38007.51879699248
          ],
          [
            9.093333333333334,
            36022.55639097744
          ]
        ],
        [
          [
            9.093333333333334,
            36022.55639097744
          ],
          [
            10.32,
            34037.593984962405
          ]
        ],
        [
          [
            10.32,
            34037.593984962405
          ],
          [
            11.706666666666667,
            32052.63157894737
          ]
        ],
        [
          [
            11.706666666666667,
            32052.63157894737
          ],
          [
            13.2,
            30150.375939849626
          ]
        ],
        [
          [
            13.2,
            30150.375939849626
          ],
          [
            14,
            29240.6015037594
          ]
        ]
      ]
    },
    {
      "outer": 7,
      "segments": [
        [
          [
            2.6133333333333333,
            50000
          ],
          [
            3.173333333333334,
            48015.03759398496
          ]
        ],
        [
          [
            3.173333333333334,
            48015.03759398496
          ],
          [
            3.8133333333333326,
            46030.075187969924
          ]
        ],
        [
          [
            3.8133333333333326,
            46030.075187969924
          ],
          [
            4.506666666666666,
            43962.40601503759
          ]
        ],
        [
          [
            4.506666666666666,
            43962.40601503759
          ],
          [
            5.253333333333332,
            42060.15037593985
          ]
        ],
        [
          [
            5.253333333333332,
            42060.15037593985
          ],
          [
            6.08,
            39992.48120300752
          ]
        ],
        [
          [
            6.08,
            39992.48120300752
          ],
          [
            7.04,
            37924.81203007519
          ]
        ],
        [
          [
            7.04,
            37924.81203007519
          ],
          [
            8.026666666666667,
            36022.55639097744
          ]
        ],
        [
          [
            8.026666666666667,
            36022.55639097744
          ],
          [
            9.173333333333332,
            34037.593984962405
          ]
        ],
        [
          [
            9.173333333333332,
            34037.593984962405
          ],
          [
            10.48,
            32052.63157894737
          ]
        ],
        [
          [
            10.48,
            32052.63157894737
          ],
          [
            11.946666666666667,
            30067.669172932332
          ]
        ],
        [
          [
            11.946666666666667,
            30067.669172932332
          ],
          [
            13.653333333333334,
            28082.706766917294
          ]
        ]
      ]
    },
    {
      "outer": 6,
      "segments": [
        [
          [
            1.8666666666666654,
            50000
          ],
          [
            2.4266666666666676,
            48015.03759398496
          ]
        ],
        [
          [
            2.4266666666666676,
            48015.03759398496
          ],
          [
            3.039999999999999,
            45947.36842105263
          ]
        ],
        [
          [
            3.039999999999999,
            45947.36842105263
          ],
          [
            3.6533333333333324,
            43962.40601503759
          ]
        ],
        [
          [
            3.6533333333333324,
            43962.40601503759
          ],
          [
            4.346666666666666,
            41977.44360902256
          ]
        ],
        [
          [
            4.346666666666666,
            41977.44360902256
          ],
          [
            5.1466666666666665,
            39992.48120300752
          ]
        ],
        [
          [
            5.1466666666666665,
            39992.48120300752
          ],
          [
            6.026666666666667,
            37924.81203007519
          ]
        ],
        [
          [
            6.026666666666667,
            37924.81203007519
          ],
          [
            6.986666666666666,
            36022.55639097744
          ]
        ],
        [
          [
            6.986666666666666,
            36022.55639097744
          ],
          [
            8.08,
            33954.887218045114
          ]
        ],
        [
          [
            8.08,
            33954.887218045114
          ],
          [
            10.64,
            30067.669172932332
          ]
        ],
        [
          [
            10.64,
            30067.669172932332
          ],
          [
            12.24,
            28082.706766917294
          ]
        ]
      ]
    },
    {
      "outer": 5,