{
  "lines": [
    {
      "outer": 52000,
      "segments": [
        [
          [
            52023.79834323411,
            0.022813584203736026
          ],
          [
            50457.02848962584,
            1.0257222705990166
          ]
        ],
        [
          [
            50457.02848962584,
            1.0257222705990166
          ],
          [
            48890.44099880096,
            2.005817372790561
          ]
        ],
        [
          [
            48890.44099880096,
            2.005817372790561
          ],
          [
            46724.153494754784,
            3.0083841289669606
          ]
        ]
      ]
    },
    {
      "outer": 51000,
      "segments": [
        [
          [
            50992.627984480925,
            0.022225464227260787
          ],
          [
            49449.838836890165,
            1.0251478278312964
          ]
        ],
        [
          [
            49449.838836890165,
            1.0251478278312964
          ],
          [
            47907.32323347451,
            1.9938498151297286
          ]
        ],
        [
          [
            47907.32323347451,
            1.9938498151297286
          ],
          [
            45765.016435445854,
            2.996430248514883
          ]
        ]
      ]
    },
    {
      "outer": 50000,
      "segments": [
        [
          [
            50009.32785637107,
            0.03307149077016392
          ],
          [
            48442.558002762795,
            1.035980177165444
          ]
        ],
        [
          [
            48442.558002762795,
            1.035980177165444
          ],
          [
            46972.07569879139,
            1.9933164039882745
          ]
        ],
        [
          [
            46972.07569879139,
            1.9933164039882745
          ],
          [
            44781.807488727696,
            2.9958694829559183
          ]
        ]
      ]
    },
    {
      "outer": 49000,
      "segments": [
        [
          [
            49002.138203635404,
            0.03249704800244396
          ],
          [
            47459.44023743634,
            1.0240126195046115
          ]
        ],
        [
          [
            47459.44023743634,
            1.0240126195046115
          ],
          [
            45988.866752073234,
            1.9927556384293097
          ]
        ],
        [
          [
            45988.866752073234,
            1.9927556384293097
          ],
          [
            43822.670429418766,
            2.983915602503841
          ]
        ]
      ]
    },
    {
      "outer": 48000,
      "segments": [
        [
          [
            47995.039732291436,
            0.02051581313285611
          ],
          [
            46452.25058470067,
            1.0234381767368919
          ]
        ],
        [
          [
            46452.25058470067,
            1.0234381767368919
          ],
          [
            45005.657805355084,
            1.992194872870345
          ]
        ],
        [
          [
            45005.657805355084,
            1.992194872870345
          ],
          [
            42815.38959529139,
            2.9947479518379887
          ]
        ]
      ]
    },
    {
      "outer": 47000,
      "segments": [
        [
          [
            47011.73960418158,
            0.03136183967575923
          ],
          [
            45469.04163798252,
            1.022877411177927
          ]
        ],
        [
          [
            45469.04163798252,
            1.022877411177927
          ],
          [
            44022.35767724522,
            2.003040899413248
          ]
        ],
        [
          [
            44022.35767724522,
            2.003040899413248
          ],
          [
            41832.18064857324,
            2.994187186279024
          ]
        ]
      ]
    },
    {
      "outer": 46000,
      "segments": [
        [
          [
            46004.64113283761,
            0.019380604806171372
          ],
          [
            44437.78009783763,
            1.0336960833033193
          ]
        ],
        [
          [
            44437.78009783763,
            1.0336960833033193
          ],
          [
            43039.14873052707,
            2.002480133854283
          ]
        ],
        [
          [
            43039.14873052707,
            2.002480133854283
          ],
          [
            40824.990995837565,
            2.993612743511304
          ]
        ]
      ]
    },
    {
      "outer": 45000,
      "segments": [
        [
          [
            44997.360298710235,
            0.03021295414031927
          ],
          [
            43430.681626493664,
            1.021714848433732
          ]
        ],
        [
          [
            43430.681626493664,
            1.021714848433732
          ],
          [
            42055.93978380892,
            2.0019193682953182
          ]
        ],
        [
          [
            42055.93978380892,
            2.0019193682953182
          ],
          [
            39889.743461154445,
            2.9930793323698497
          ]
        ]
      ]
    },
    {
      "outer": 44000,
      "segments": [
        [
          [
            44014.24253338379,
            0.018245396479486697
          ],
          [
            42447.472679775514,
            1.0211540828747672
          ]
        ],
        [
          [
            42447.472679775514,
            1.0211540828747672
          ],
          [
            41096.71154310828,
            2.001372279945109
          ]
        ],
        [
          [
            41096.71154310828,
            2.001372279945109
          ],
          [
            38882.55380841878,
            2.9925048896021296
          ]
        ]
      ]
    },
    {
      "outer": 43000,
      "segments": [
        [
          [
            43030.942405273934,
            0.02909142302238975
          ],
          [
            41464.263733057356,
            1.0205933173158024
          ]
        ],
        [
          [
            41464.263733057356,
            1.0205933173158024
          ],
          [
            40113.50259639013,
            2.000811514386144
          ]
        ],
        [
          [
            40113.50259639013,
            2.000811514386144
          ],
          [
            37875.27297429141,
            3.003337238936278
          ]
        ]
      ]
    },
    {
      "outer": 42000,
      "segments": [
        [
          [
            42047.82463994748,
            0.01712386536155719
          ],
          [
            40457.07408032169,
            1.0200188745480823
          ]
        ],
        [
          [
            40457.07408032169,
            1.0200188745480823
          ],
          [
            39154.36553708119,
            1.988857633934067
          ]
        ],
        [
          [
            39154.36553708119,
            1.988857633934067
          ],
          [
            36940.11662099999,
            2.9913970356929553
          ]
        ]
      ]
    },
    {
      "outer": 41000,
      "segments": [
        [
          [
            41016.56309980259,
            0.02794253748694981
          ],
          [
            39449.88442758602,
            1.0194444317803621
          ]
        ],
        [
          [
            39449.88442758602,
            1.0194444317803621
          ],
          [
            38195.04611498885,
            1.9997173376857251
          ]
        ],
        [
          [
            38195.04611498885,
            1.9997173376857251
          ],
          [
            35932.92696826431,
            2.9908225929252357
          ]
        ]
      ]
    },
    {
      "outer": 40000,