{
  "lines": [
    {
      "outer": 52000,
      "segments": [
        [
          [
            52026.122625215896,
            0.011334196891191806
          ],
          [
            50522.686384571105,
            1.0181077288428328
          ]
        ],
        [
          [
            50522.686384571105,
            1.0181077288428328
          ],
          [
            48940.684369602764,
            2.0135200777202074
          ]
        ],
        [
          [
            48940.684369602764,
            2.0135200777202074
          ],
          [
            46834.3498128958,
            2.997341860967185
          ]
        ]
      ]
    },
    {
      "outer": 51000,
      "segments": [
        [
          [
            51029.702792170414,
            0.010821459412780735
          ],
          [
            49499.84707829592,
            1.0402229058721937
          ]
        ],
        [
          [
            49499.84707829592,
            1.0402229058721937
          ],
          [
            47917.94401266552,
            2.0243145509499136
          ]
        ],
        [
          [
            47917.94401266552,
            2.0243145509499136
          ],
          [
            45864.15155440415,
            2.9968426165803113
          ]
        ]
      ]
    },
    {
      "outer": 50000,
      "segments": [
        [
          [
            50006.96243523317,
            0.02161593264248715
          ],
          [
            48529.84671848014,
            1.0170822538860107
          ]
        ],
        [
          [
            48529.84671848014,
            1.0170822538860107
          ],
          [
            46973.9673287277,
            2.0238287996545767
          ]
        ],
        [
          [
            46973.9673287277,
            2.0238287996545767
          ],
          [
            44841.51014680484,
            2.996316386010363
          ]
        ]
      ]
    },
    {
      "outer": 49000,
      "segments": [
        [
          [
            49010.542602187685,
            0.021103195164076105
          ],
          [
            47533.42688543466,
            1.0165695164075996
          ]
        ],
        [
          [
            47533.42688543466,
            1.0165695164075996
          ],
          [
            45977.547495682215,
            2.023316062176166
          ]
        ],
        [
          [
            45977.547495682215,
            2.023316062176166
          ],
          [
            43871.31188831318,
            2.995817141623489
          ]
        ]
      ]
    },
    {
      "outer": 48000,
      "segments": [
        [
          [
            48014.1227691422,
            0.02059045768566506
          ],
          [
            46537.00705238918,
            1.0160567789291886
          ]
        ],
        [
          [
            46537.00705238918,
            1.0160567789291886
          ],
          [
            45007.34923719056,
            2.0228168177892916
          ]
        ],
        [
          [
            45007.34923719056,
            2.0228168177892916
          ],
          [
            42901.113629821535,
            2.9953178972366152
          ]
        ]
      ]
    },
    {
      "outer": 47000,
      "segments": [
        [
          [
            46991.481361542894,
            0.02006422711571685
          ],
          [
            45514.26669545194,
            1.0268512521588948
          ]
        ],
        [
          [
            45514.26669545194,
            1.0268512521588948
          ],
          [
            44037.24992803685,
            2.010996869602763
          ]
        ],
        [
          [
            44037.24992803685,
            2.010996869602763
          ],
          [
            41878.37327288429,
            3.0061123704663215
          ]
        ]
      ]
    },
    {
      "outer": 46000,
      "segments": [
        [
          [
            46021.283103051246,
            0.01956498272884294
          ],
          [
            44517.94581174439,
            1.0150178108808292
          ]
        ],
        [
          [
            44517.94581174439,
            1.0150178108808292
          ],
          [
            43040.73114565343,
            2.021804835924007
          ]
        ],
        [
          [
            43040.73114565343,
            2.021804835924007
          ],
          [
            40934.39658894646,
            3.005626619170985
          ]
        ]
      ]
    },
    {
      "outer": 45000,
      "segments": [
        [
          [
            45024.76432066782,
            0.030372949050086445
          ],
          [
            43521.525978698905,
            1.0145050734024184
          ]
        ],
        [
          [
            43521.525978698905,
            1.0145050734024184
          ],
          [
            42070.532887161775,
            2.021305591537133
          ]
        ],
        [
          [
            42070.532887161775,
            2.021305591537133
          ],
          [
            39938.07570523892,
            2.993793177892919
          ]
        ]
      ]
    },
    {
      "outer": 44000,
      "segments": [
        [
          [
            44028.44343696028,
            0.01853950777202082
          ],
          [
            42498.68667242372,
            1.0366202504317792
          ]
        ],
        [
          [
            42498.68667242372,
            1.0366202504317792
          ],
          [
            41100.33462867013,
            2.020806347150259
          ]
        ],
        [
          [
            41100.33462867013,
            2.020806347150259
          ],
          [
            38967.87744674727,
            2.9932939335060453
          ]
        ]
      ]
    },
    {
      "outer": 43000,
      "segments": [
        [
          [
            43005.80202936097,
            0.01801327720207263
          ],
          [
            41502.36578871618,
            1.0247868091537136
          ]
        ],
        [
          [
            41502.36578871618,
            1.0247868091537136
          ],
          [
            40130.13637017847,
            2.020307102763385
          ]
        ],
        [
          [
            40130.13637017847,
            2.020307102763385
          ],
          [
            37971.35866436385,
            3.004101899827289
          ]
        ]
      ]
    },
    {
      "outer": 42000,
      "segments": [
        [
          [
            42035.60377086932,
            0.0175140328151987
          ],
          [
            40479.724381116874,
            1.0242605785837653
          ]
        ],
        [
          [
            40479.724381116874,
            1.0242605785837653
          ],
          [
            39133.71653713299,
            2.019794365284974
          ]
        ],
        [
          [
            39133.71653713299,
            2.019794365284974
          ],
          [
            36974.938831318366,
            3.0035891623488777
          ]
        ]
      ]
    },
    {
      "outer": 41000,
      "segments": [
        [
          [
            40986.74078871618,
            0.01697430915371337
          ],
          [
            39509.52612262522,
            1.0237613341968914
          ]
        ],
        [
          [
            39509.52612262522,
            1.0237613341968914
          ],
          [
            38189.73985319517,
            2.019308613989637
          ]
        ],
        [
          [
            38189.73985319517,
            2.019308613989637
          ],
          [
            36031.061096718484,
            2.9917827072538863
          ]
        ]
      ]
    },
    {
      "outer": 40000,